{
    "header": {
        "stamp": {
            "secs": 1563528087, 
            "nsecs": 631688298
        }, 
        "frame_id": "", 
        "seq": 38293
    }, 
    "position": [
        -1.0682533349544913e-06, 
        -5.9997906462843495e-05, 
        1.6699897242624138, 
        -1.6699297402483195, 
        9.610875309836764e-08, 
        -1.2967197301765535e-07, 
        -1.248074413332074e-06, 
        -6.000758298387281e-05, 
        1.6699897538417212, 
        -1.6699297601511103, 
        2.7193804773544006e-07, 
        -1.296815928785554e-07, 
        -1.246327937963416e-06, 
        -5.995248881364364e-05, 
        1.6699889640590542, 
        -1.6699290254611256, 
        2.702558900081973e-07, 
        -1.2967687488281556e-07, 
        -1.066885356860817e-06, 
        -5.991128506721266e-05, 
        1.6699888391189754, 
        -1.6699289417252299, 
        9.47148453136647e-08, 
        -1.2967152555077748e-07, 
        -0.0001566799999999101, 
        0.0, 
        -6.0000000000060385e-05, 
        0.0, 
        0.0, 
        0.0, 
        0.0, 
        0.0, 
        0.0, 
        0.0, 
        0.0
    ], 
    "effort": [], 
    "name": [
        "joint11", 
        "joint12", 
        "joint13", 
        "joint14", 
        "joint15", 
        "joint16", 
        "joint31", 
        "joint32", 
        "joint33", 
        "joint34", 
        "joint35", 
        "joint36", 
        "joint41", 
        "joint42", 
        "joint43", 
        "joint44", 
        "joint45", 
        "joint46", 
        "joint21", 
        "joint22", 
        "joint23", 
        "joint24", 
        "joint25", 
        "joint26", 
        "joint51", 
        "joint52", 
        "joint53", 
        "joint54", 
        "joint55", 
        "joint56", 
        "eyes_pitch", 
        "eyes_yaw", 
        "joint_eyes_focus_x", 
        "joint_eyes_focus_y", 
        "joint_eyes_focus_z"
    ], 
    "velocity": [
        8.64755291878249e-21, 
        4.363940214033757e-19, 
        -1.1472931019391523e-14, 
        1.5421263896855892e-14, 
        -5.429923733527781e-22, 
        9.716270270201001e-22, 
        8.716002114471253e-21, 
        4.606138697389284e-19, 
        -1.1791413283359327e-14, 
        1.5908030769109134e-14, 
        -2.2047982239718107e-21, 
        1.0480636854988283e-21, 
        1.1111930758731097e-20, 
        4.301603883071761e-19, 
        -1.676930289607215e-14, 
        1.1735213441402392e-14, 
        -1.0096773351975394e-21, 
        6.561610209076892e-22, 
        6.047517458375185e-21, 
        4.364866656319816e-19, 
        -1.5049379044447567e-14, 
        1.1738334956336371e-14, 
        -8.418630684258439e-22, 
        5.470507282331164e-22, 
        1.0436545921058562e-18, 
        0.0, 
        4.155435768925712e-19, 
        0.0, 
        0.0, 
        0.0, 
        0.0, 
        0.0, 
        0.0, 
        0.0, 
        0.0
    ]
}